[{"@type":"mappingTemplate","id":"@1","name":"Mapping_RESTV2","description":"","bundleVersion":"0","templateId":"@3","hasParameters":false,"valid":true,"fixedConnection":true,"hasParametersDeployed":false,"fixedConnectionDeployed":false,"isSchemaValidationEnabled":false,"tasks":0,"mappingPreviewFileRecordId":"@2","documentType":"MAPPING","references":[{"@type":"reference","refObjectId":"@39nF9d6BnWbbv0a4MjlKmW","refType":"connection"},{"@type":"reference","refObjectId":"@3Tvth655mvofdIJ27Nd9ad","refType":"connection"}]}]